{
  "spec/requests/api/v1/sessions/create_spec.rb": 300.67110899998806,
  "spec/policies/admin/page_policy_spec.rb": 0.0369720000308007,
  "spec/routing/sessions_routing_spec.rb": 0.005113000050187111,
  "spec/requests/api/v1/passwords/create_spec.rb": 0.232274999958463,
  "spec/requests/api/v1/sessions/destroy_spec.rb": 0.28182900010142475,
  "spec/requests/api/v1/users/update_spec.rb": 1.100527000031434,
  "spec/requests/api/v1/settings_spec.rb": 300.1192189999856,
  "spec/requests/api/v1/passwords/edit_spec.rb": 0.27142599993385375,
  "spec/requests/api/v1/users/create_spec.rb": 0.4602220000233501,
  "spec/routing/registrations_routing_spec.rb": 0.0028989999555051327,
  "spec/routing/user_routing_spec.rb": 0.0017109999898821115,
  "spec/requests/api/v1/passwords/update_spec.rb": 0.42604000004939735,
  "spec/policies/application_policy_spec.rb": 0.007283999933861196,
  "spec/lib/tasks/feature_flags_spec.rb": 0.10631000006105751,
  "spec/requests/api/v1/users/show_spec.rb": 300.6740010000067,
  "spec/mailers/application_mailer_spec.rb": 0.016352999955415726,
  "spec/policies/admin/admin_user_policy_spec.rb": 0.04012200003489852,
  "spec/policies/admin/user_policy_spec.rb": 0.01461299997754395,
  "spec/requests/api/v1/status_spec.rb": 300.0620040000649,
  "spec/requests/admin/feature_flags_spec.rb": 300.2255829999922,
  "spec/policies/user_policy_spec.rb": 0.01600399997550994,
  "spec/models/user_spec.rb": 0.06312199996318668,
  "spec/policies/admin_user_policy_spec.rb": 0.007582999998703599,
  "spec/policies/admin/application_policy_spec.rb": 0.008510999963618815,
  "spec/decorators/user_decorator_spec.rb": 0.013770000077784061
}